{
  "analysis_metadata": {
    "timestamp": "20251025_153550",
    "analysis_period": "1987-2023",
    "total_years": 13,
    "years_analyzed": [
      1987,
      1992,
      1997,
      2000,
      2005,
      2010,
      2015,
      2018,
      2019,
      2020,
      2021,
      2022,
      2023
    ],
    "datasets_used": [
      "GLC-FCS30D",
      "Dynamic World"
    ],
    "study_area_km2": 108067.56359783038
  },
  "land_cover_statistics": {
    "Water": {
      "initial_year": 1987,
      "final_year": 2023,
      "initial_area_km2": 1146.4825032431788,
      "final_area_km2": 2707.4415984966854,
      "initial_percent": 1.0510098070006435,
      "final_percent": 2.516324962575163,
      "absolute_change_km2": 1560.9590952535066,
      "percentage_point_change": 1.4653151555745196,
      "relative_change_percent": 136.15202071011578,
      "mean_annual_change_km2": 43.35997486815296
    },
    "Trees": {
      "initial_year": 1987,
      "final_year": 2023,
      "initial_area_km2": 87503.6587776122,
      "final_area_km2": 85517.46787556802,
      "initial_percent": 80.21683999847431,
      "final_percent": 79.4808424569513,
      "absolute_change_km2": -1986.1909020441817,
      "percentage_point_change": -0.7359975415230195,
      "relative_change_percent": -2.269837547127056,
      "mean_annual_change_km2": -55.17196950122727
    },
    "Grass": {
      "initial_year": 1987,
      "final_year": 2023,
      "initial_area_km2": 758.9613305953121,
      "final_area_km2": 780.0087545104776,
      "initial_percent": 0.6957592456347645,
      "final_percent": 0.7249484166497636,
      "absolute_change_km2": 21.047423915165496,
      "percentage_point_change": 0.02918917101499907,
      "relative_change_percent": 2.7731879170518967,
      "mean_annual_change_km2": 0.5846506643101527
    },
    "Flooded vegetation": {
      "initial_year": 1987,
      "final_year": 2023,
      "initial_area_km2": 720.01023869889,
      "final_area_km2": 870.4509153276059,
      "initial_percent": 0.6600517843689212,
      "final_percent": 0.8090063210048355,
      "absolute_change_km2": 150.4406766287159,
      "percentage_point_change": 0.1489545366359143,
      "relative_change_percent": 20.894241295870035,
      "mean_annual_change_km2": 4.178907684130997
    },
    "Crops": {
      "initial_year": 1987,
      "final_year": 2023,
      "initial_area_km2": 14343.151455225889,
      "final_area_km2": 4796.6507305501855,
      "initial_percent": 13.14873345218463,
      "final_percent": 4.458058107971632,
      "absolute_change_km2": -9546.500724675703,
      "percentage_point_change": -8.690675344212998,
      "relative_change_percent": -66.557902246772,
      "mean_annual_change_km2": -265.1805756854362
    },
    "Shrub and scrub": {
      "initial_year": 1987,
      "final_year": 2023,
      "initial_area_km2": 4403.49763600797,
      "final_area_km2": 9841.054418070891,
      "initial_percent": 4.036798806311014,
      "final_percent": 9.146380444181055,
      "absolute_change_km2": 5437.556782062921,
      "percentage_point_change": 5.109581637870042,
      "relative_change_percent": 123.48267744257011,
      "mean_annual_change_km2": 151.04324394619226
    },
    "Built": {
      "initial_year": 1987,
      "final_year": 2023,
      "initial_area_km2": 207.5485340903732,
      "final_area_km2": 3027.440491329341,
      "initial_percent": 0.1902650447263923,
      "final_percent": 2.813735330532252,
      "absolute_change_km2": 2819.8919572389677,
      "percentage_point_change": 2.6234702858058596,
      "relative_change_percent": 1358.6662847790085,
      "mean_annual_change_km2": 78.33033214552688
    },
    "Bare": {
      "initial_year": 1987,
      "final_year": 2023,
      "initial_area_km2": 0.5910834463402841,
      "final_area_km2": 51.71550159397979,
      "initial_percent": 0.0005418612993238,
      "final_percent": 0.0480649361689957,
      "absolute_change_km2": 51.1244181476395,
      "percentage_point_change": 0.0475230748696719,
      "relative_change_percent": 8649.272528976797,
      "mean_annual_change_km2": 1.4201227263233196
    },
    "Snow and ice": {
      "initial_year": 1987,
      "final_year": 2023,
      "initial_area_km2": 0.0,
      "final_area_km2": 2.8394596757407995,
      "initial_percent": 0.0,
      "final_percent": 0.0026390239650079,
      "absolute_change_km2": 2.8394596757407995,
      "percentage_point_change": 0.0026390239650079,
      "relative_change_percent": 0.0,
      "mean_annual_change_km2": 0.07887387988168887
    }
  },
  "yearly_data": [
    {
      "year": 1987,
      "period": "1985-1989",
      "dataset": "GLC-FCS30D",
      "Water": 1146.4825032431788,
      "Trees": 87503.6587776122,
      "Grass": 758.9613305953121,
      "Flooded vegetation": 720.01023869889,
      "Crops": 14343.151455225889,
      "Shrub and scrub": 4403.49763600797,
      "Built": 207.5485340903732,
      "Bare": 0.5910834463402841,
      "Snow and ice": 0.0,
      "total_area_km2": 109083.90155892016,
      "Water_percent": 1.0510098070006435,
      "Trees_percent": 80.21683999847431,
      "Grass_percent": 0.6957592456347645,
      "Flooded vegetation_percent": 0.6600517843689212,
      "Crops_percent": 13.14873345218463,
      "Shrub and scrub_percent": 4.036798806311014,
      "Built_percent": 0.1902650447263923,
      "Bare_percent": 0.0005418612993238,
      "Snow and ice_percent": 0.0
    },
    {
      "year": 1992,
      "period": "1990-1994",
      "dataset": "GLC-FCS30D",
      "Water": 1137.1998067795153,
      "Trees": 87502.82574821715,
      "Grass": 758.9740971649533,
      "Flooded vegetation": 728.8922673618551,
      "Crops": 14343.861168626274,
      "Shrub and scrub": 4403.935761310574,
      "Built": 207.62162601273653,
      "Bare": 0.5910834463402842,
      "Snow and ice": 0.0,
      "total_area_km2": 109083.9015589194,
      "Water_percent": 1.0425001219499657,
      "Trees_percent": 80.21607633914188,
      "Grass_percent": 0.6957709490753861,
      "Flooded vegetation_percent": 0.6681941670083731,
      "Crops_percent": 13.149384064594294,
      "Shrub and scrub_percent": 4.037200446971435,
      "Built_percent": 0.1903320499593554,
      "Bare_percent": 0.0005418612993238,
      "Snow and ice_percent": 0.0
    },
    {
      "year": 1997,
      "period": "1995-1999",
      "dataset": "GLC-FCS30D",
      "Water": 1191.4408780552203,
      "Trees": 87535.08717527751,
      "Grass": 744.2710895462994,
      "Flooded vegetation": 855.2252386755636,
      "Crops": 14177.610928480275,
      "Shrub and scrub": 4347.916069402445,
      "Built": 231.84153674812663,
      "Bare": 0.5086427347491096,
      "Snow and ice": 0.0,
      "total_area_km2": 109083.9015589202,
      "Water_percent": 1.0922242980204369,
      "Trees_percent": 80.24565121370968,
      "Grass_percent": 0.6822923262827114,
      "Flooded vegetation_percent": 0.7840068300212247,
      "Crops_percent": 12.99697822122949,
      "Shrub and scrub_percent": 3.985845763917765,
      "Built_percent": 0.212535061026306,
      "Bare_percent": 0.0004662857923855,
      "Snow and ice_percent": 0.0
    },
    {
      "year": 2000,
      "period": "2000",
      "dataset": "GLC-FCS30D",
      "Water": 1151.3355850675434,
      "Trees": 87519.99977884212,
      "Grass": 642.0896478836304,
      "Flooded vegetation": 964.2120132429126,
      "Crops": 15139.192181774706,
      "Shrub and scrub": 3016.8837084998745,
      "Built": 620.1243405340481,
      "Bare": 30.064303075300863,
      "Snow and ice": 0.0,
      "total_area_km2": 109083.90155892012,
      "Water_percent": 1.0554587511207283,
      "Trees_percent": 80.23182021186639,
      "Grass_percent": 0.5886199876494285,
      "Flooded vegetation_percent": 0.8839177912261482,
      "Crops_percent": 13.878484327586582,
      "Shrub and scrub_percent": 2.765654386564407,
      "Built_percent": 0.5684838291185401,
      "Bare_percent": 0.0275607148677773,