year,snow_corrected_km2,Water,Trees (incl. plantations),Grass,Flooded vegetation,Crops,Shrub and scrub,Built,Bare,Snow and ice,Water_percent,Trees (incl. plantations)_percent,Grass_percent,Flooded vegetation_percent,Crops_percent,Shrub and scrub_percent,Built_percent,Bare_percent,Snow and ice_percent,total_area
2022,13.766980392156864,2837.7676342086065,85385.6021651571,954.5092025619019,175.00791635062066,4184.0117888691,10263.08233709401,3064.190402229048,42.96379815249597,0.0,2.654423044556643,79.86894604347911,0.8928395662065136,0.16370087548428908,3.913688061414538,9.59999752459012,2.8662169229561942,0.04018796131257939,0.0,106907.1352446229
