year,snow_corrected_km2,Water,Trees (incl. plantations),Grass,Flooded vegetation,Crops,Shrub and scrub,Built,Bare,Snow and ice,Water_percent,Trees (incl. plantations)_percent,Grass_percent,Flooded vegetation_percent,Crops_percent,Shrub and scrub_percent,Built_percent,Bare_percent,Snow and ice_percent,total_area
2018,6.775647058823528,2571.361696502766,83847.05897537005,783.2307498945959,194.76110390968213,6052.926899856989,12836.896836172305,2139.556201081279,43.576624716824405,0.0,2.370587861010231,77.30021819130236,0.7220755098729738,0.17955401192807188,5.580309861463255,11.834582374879044,1.9724980601253932,0.04017412941866586,0.0,108469.3690875045
2020,15.63145098039216,2820.6656569161714,83973.7179638894,907.290784466955,191.76114333275308,4697.0145793004085,12560.819234581868,2654.6147818610184,51.633635463710874,0.0,2.615177611146653,77.85615661517363,0.8411938297330005,0.1777911704997953,4.354832816465529,11.645752185975931,2.4612236926129993,0.04787207839245782,0.0,107857.51777981229
2022,13.766980392156864,2837.7676342086065,85385.6021651571,954.5092025619019,175.00791635062066,4184.0117888691,10263.08233709401,3064.190402229048,42.96379815249597,0.0,2.654423044556643,79.86894604347911,0.8928395662065136,0.16370087548428908,3.913688061414538,9.59999752459012,2.8662169229561942,0.04018796131257939,0.0,106907.1352446229
2024,38.78521568627452,2466.1290765701947,84379.26092642402,1108.489001158256,155.2275884747432,4462.383123552349,10605.42592359301,3449.065577711396,63.21928387258562,0.0,2.3115076924199442,79.08884922738841,1.0389889472872762,0.1454951276654936,4.182600584297761,9.94048682880341,3.232816031522835,0.05925556061485509,0.0,106689.20050135656
